INSERT INTO Compte_utilisateur VALUES ('apommep', 'arnaudpp');
INSERT INTO Compte_utilisateur VALUES ('pduranta', 'durantpa');
INSERT INTO Compte_utilisateur VALUES ('agatheo', 'orangecompi');
INSERT INTO Compte_utilisateur VALUES ('denised', 'dumasdenise');
INSERT INTO Compte_utilisateur VALUES ('arthurdr', 'papableu');
INSERT INTO Compte_utilisateur VALUES ('juleskin', 'gateau05');
INSERT INTO Adherents VALUES ('pduranta', 'durant', 'pierre', '7 Pl. de l Ancien Hôpital, 60200 Compiègne ', 'pierred@gmail.com', 0606065487 , '1988-06-06', 0,0, 'crap02');
INSERT INTO Adherents VALUES ('agatheo', 'orange', 'agathe', '13 Rue Winston Churchill, 60200 Compiègne ', 'agatheorange@gmail.com', 0785652544 , '2000-10-26', 0,0, 'crap01');
INSERT INTO Adherents VALUES ('arthurdr', 'drome', 'arthur', '17 Rue Winston Churchill, 60200 Compiègne ', 'dromearth@gmail.com', 0685651525 , '2001-01-17', 0,0, 'crap00');
INSERT INTO Adherents VALUES ('juleskin', 'kimp', 'jules', '12 All. des Avenues, 60200 Compiègne', 'juleskin@orange.com', 0752652530 , '1999-04-11', 0,0, 'crap03');
INSERT INTO Personnel VALUES ('apommep', 'pomme', 'arnaud', '8 Imp. de la Menardière 60200 Compiegne', 'arpomme@gmail.com');
INSERT INTO Personnel VALUES ('denised', 'dumas', 'denise', '2-4 All. des Étangs, 60350 Vieux-Moulin', 'denisedumas@gmail.com');
INSERT INTO Adhesions VALUES ('pduranta', '2022-11-12', '2024-11-16');
INSERT INTO Adhesions VALUES ('agatheo', '2022-11-13', '2024-11-17');
INSERT INTO Adhesions VALUES ('arthurdr', '2022-11-13', '2024-11-17');
INSERT INTO Adhesions VALUES ('juleskin', '2022-11-15');
